rn1qkbnr/1bpp1ppp/pp6/4p3/1PP1P3/7P/P2P1PP1/RNBQKBNR w KQkq - 0 5,-26cp,0.5
rn1qkbnr/1bpp1ppp/pp6/4p3/1PP1P3/7P/PB1P1PP1/RN1QKBNR b KQkq - 1 5,24cp,0.5
rn1qk1nr/1bpp1ppp/pp6/4p3/1bP1P3/7P/PB1P1PP1/RN1QKBNR w KQkq - 0 6,-28cp,0.5
rn1qk1nr/1bpp1ppp/pp6/4B3/1bP1P3/7P/P2P1PP1/RN1QKBNR b KQkq - 0 6,41cp,0.5
rn1qk2r/1bpp1ppp/pp3n2/4B3/1bP1P3/7P/P2P1PP1/RN1QKBNR w KQkq - 1 7,-24cp,0.5
rn1qk2r/1bpp1ppp/pp3n2/4B3/1bP1P3/2N4P/P2P1PP1/R2QKBNR b KQkq - 2 7,46cp,0.5
rn1qk2r/1bpp1ppp/pp3n2/4B3/2P1P3/2b4P/P2P1PP1/R2QKBNR w KQkq - 0 8,-44cp,0.5
rn1qk2r/1bpp1ppp/pp3n2/8/2P1P3/2B4P/P2P1PP1/R2QKBNR b KQkq - 0 8,44cp,0.5
rn1qk2r/2pp1ppp/pp3n2/8/2P1b3/2B4P/P2P1PP1/R2QKBNR w KQkq - 0 9,-44cp,0.5
rn1qk2r/2pp1ppp/pp3n2/8/2P1b3/2BP3P/P4PP1/R2QKBNR b KQkq - 0 9,44cp,0.5
rn1qk2r/2pp1ppp/pp3nb1/8/2P5/2BP3P/P4PP1/R2QKBNR w KQkq - 1 10,-48cp,0.5
rn1qk2r/2pp1ppp/pp3nb1/8/2P5/2BP1N1P/P4PP1/R2QKB1R b KQkq - 2 10,52cp,0.5
r2qk2r/2pp1ppp/ppn2nb1/8/2P5/2BP1N1P/P4PP1/R2QKB1R w KQkq - 3 11,-54cp,0.5
r2qk2r/2pp1ppp/ppn2nb1/8/2P5/2BP1N1P/P4PP1/2RQKB1R b Kkq - 4 11,49cp,0.5
r2q1rk1/2pp1ppp/ppn2nb1/8/2P5/2BP1N1P/P4PP1/2RQKB1R w K - 5 12,-54cp,0.5
r2q1rk1/2pp1ppp/ppn2nb1/8/2P5/2BP1N1P/P3BPP1/2RQK2R b K - 6 12,52cp,0.5
r2q1rk1/2pp1ppp/ppn3b1/7n/2P5/2BP1N1P/P3BPP1/2RQK2R w K - 7 13,-42cp,0.5
r2q1rk1/2pp1ppp/ppn3b1/7n/2P5/2BP1N1P/P2QBPP1/2R1K2R b K - 8 13,39cp,0.5
r2qr1k1/2pp1ppp/ppn3b1/7n/2P5/2BP1N1P/P2QBPP1/2R1K2R w K - 9 14,-62cp,0.5
r2qr1k1/2pp1ppp/ppn3b1/7n/2P5/2BP1N1P/P2QBPP1/2R2RK1 b - - 10 14,52cp,0.5
r2qr1k1/2pp1ppp/ppn3b1/8/2P2n2/2BP1N1P/P2QBPP1/2R2RK1 w - - 11 15,-44cp,0.5
r2qr1k1/2pp1ppp/ppn3b1/8/2P2n2/2BP1N1P/P2QBPP1/2R1R1K1 b - - 12 15,64cp,0.5
r2qr1k1/2pp1ppp/ppn3b1/8/2P5/2BP1N1P/P2QnPP1/2R1R1K1 w - - 0 16,-63cp,0.5
r2qr1k1/2pp1ppp/ppn3b1/8/2P5/2BP1N1P/P2QRPP1/2R3K1 b - - 0 16,67cp,0.5
r2q2k1/2pp1ppp/ppn3b1/8/2P5/2BP1N1P/P2QrPP1/2R3K1 w - - 0 17,-58cp,0.5
r2q2k1/2pp1ppp/ppn3b1/8/2P5/2BP1N1P/P3QPP1/2R3K1 b - - 0 17,47cp,0.5
r5k1/2ppqppp/ppn3b1/8/2P5/2BP1N1P/P3QPP1/2R3K1 w - - 1 18,-52cp,0.5
r5k1/2ppqppp/ppn3b1/8/2P5/2BP1N1P/PQ3PP1/2R3K1 b - - 2 18,55cp,0.5
r5k1/2ppqppp/ppn5/8/2P5/2Bb1N1P/PQ3PP1/2R3K1 w - - 0 19,-55cp,0.5
r5k1/2ppqpBp/ppn5/8/2P5/3b1N1P/PQ3PP1/2R3K1 b - - 0 19,53cp,0.5
r5k1/2pp1pBp/ppnq4/8/2P5/3b1N1P/PQ3PP1/2R3K1 w - - 1 20,-44cp,0.5
r5k1/2pp1pBp/ppnq4/4N3/2P5/3b3P/PQ3PP1/2R3K1 b - - 2 20,60cp,0.5
4r1k1/2pp1pBp/ppnq4/4N3/2P5/3b3P/PQ3PP1/2R3K1 w - - 3 21,-76cp,0.5
4r1k1/2pp1pBp/ppnq4/8/2P5/3N3P/PQ3PP1/2R3K1 b - - 0 21,77cp,0.5
4r1k1/2pp1pBp/ppn5/8/2P5/3q3P/PQ3PP1/2R3K1 w - - 0 22,-66cp,0.5
4r1kB/2pp1p1p/ppn5/8/2P5/3q3P/PQ3PP1/2R3K1 b - - 1 22,66cp,0.5
4r1kB/2pp1p1p/ppn3q1/8/2P5/7P/PQ3PP1/2R3K1 w - - 2 23,-66cp,0.5
4r1k1/2pp1p1p/ppn3q1/8/2P5/2B4P/PQ3PP1/2R3K1 b - - 3 23,78cp,0.5
4r1k1/2pp1p1p/ppn5/8/2P5/2Bq3P/PQ3PP1/2R3K1 w - - 4 24,-60cp,0.5
4r1kB/2pp1p1p/ppn5/8/2P5/3q3P/PQ3PP1/2R3K1 b - - 5 24,73cp,0.5
4r1kB/2pp1p1p/ppn3q1/8/2P5/7P/PQ3PP1/2R3K1 w - - 6 25,-72cp,0.5
4r1k1/2pp1p1p/ppn3q1/8/2P5/2B4P/PQ3PP1/2R3K1 b - - 7 25,68cp,0.5
6k1/2pp1p1p/ppn3q1/8/2P1r3/2B4P/PQ3PP1/2R3K1 w - - 8 26,-65cp,0.5
6k1/2pp1p1p/ppn3q1/8/2P1r3/2B4P/P2Q1PP1/2R3K1 b - - 9 26,65cp,0.5
6k1/2pp1p1p/ppn5/5q2/2P1r3/2B4P/P2Q1PP1/2R3K1 w - - 10 27,-76cp,0.5
6k1/2pp1p1p/ppn5/5q2/2P1r3/2B4P/P2Q1PP1/4R1K1 b - - 11 27,72cp,0.5
6k1/2pp1p1p/ppn5/5q2/2P5/2B4P/P2Q1PP1/4r1K1 w - - 0 28,-73cp,0.5
6k1/2pp1p1p/ppn5/5q2/2P5/2B4P/P4PP1/4Q1K1 b - - 0 28,78cp,0.5
6k1/2pp1p1p/ppn1q3/8/2P5/2B4P/P4PP1/4Q1K1 w - - 1 29,-75cp,0.5
6k1/2pp1p1p/ppn1q3/8/2P5/2B4P/P2Q1PP1/6K1 b - - 2 29,75cp,0.5
6k1/2pp1p1p/ppn5/8/2q5/2B4P/P2Q1PP1/6K1 w - - 0 30,-75cp,0.5
6k1/2pp1p1p/ppn2B2/8/2q5/7P/P2Q1PP1/6K1 b - - 1 30,78cp,0.5
6k1/2pp1p1p/ppn2B2/8/4q3/7P/P2Q1PP1/6K1 w - - 2 31,-83cp,0.5
6k1/2pQ1p1p/ppn2B2/8/4q3/7P/P4PP1/6K1 b - - 0 31,82cp,0.5
6k1/2pQ1p1p/ppn1qB2/8/8/7P/P4PP1/6K1 w - - 1 32,-86cp,0.5
6k1/2p2p1p/ppn1QB2/8/8/7P/P4PP1/6K1 b - - 0 32,87cp,0.5
6k1/2p4p/ppn1pB2/8/8/7P/P4PP1/6K1 w - - 0 33,-85cp,0.5
6k1/2p4p/ppn1pB2/8/6P1/7P/P4P2/6K1 b - - 0 33,88cp,0.5
8/2p2k1p/ppn1pB2/8/6P1/7P/P4P2/6K1 w - - 1 34,-93cp,0.5
8/2p2k1p/ppn1pB2/8/6P1/7P/P4PK1/8 b - - 2 34,100cp,0.5
8/2p2k1p/1pn1pB2/p7/6P1/7P/P4PK1/8 w - - 0 35,-107cp,0.5
8/2p2k1p/1pn1pB2/p5P1/8/7P/P4PK1/8 b - - 0 35,103cp,0.5
8/2p2k1p/1pn1pB2/6P1/p7/7P/P4PK1/8 w - - 0 36,-105cp,0.5
8/2p2k1p/1pn1pB2/6P1/p7/P6P/5PK1/8 b - - 0 36,107cp,0.5
8/2p1nk1p/1p2pB2/6P1/p7/P6P/5PK1/8 w - - 1 37,-101cp,0.5
8/2p1nk1p/1p2pB2/6P1/p7/P4K1P/5P2/8 b - - 2 37,105cp,0.5
8/2p2k1p/1p2pB2/3n2P1/p7/P4K1P/5P2/8 w - - 3 38,-115cp,0.5
8/2p2k1p/1p2p3/3nB1P1/p7/P4K1P/5P2/8 b - - 4 38,116cp,0.5
8/2p4p/1p2p1k1/3nB1P1/p7/P4K1P/5P2/8 w - - 5 39,-122cp,0.5
8/2p4p/1p2p1k1/3nB1P1/p6P/P4K2/5P2/8 b - - 0 39,122cp,0.5
8/2p4p/1p2p3/3nBkP1/p6P/P4K2/5P2/8 w - - 1 40,-188cp,0.5
8/2p4p/1p2p3/3n1kP1/p6P/P4K2/1B3P2/8 b - - 2 40,153cp,0.5
8/7p/1p2p3/2pn1kP1/p6P/P4K2/1B3P2/8 w - - 0 41,-153cp,0.5
8/7p/1p2p3/2pn1kP1/p6P/P4K2/5P2/2B5 b - - 1 41,167cp,0.5
8/7p/1p2p3/3n1kP1/p1p4P/P4K2/5P2/2B5 w - - 0 42,-168cp,0.5
8/7p/1p2p3/3n1kPP/p1p5/P4K2/5P2/2B5 b - - 0 42,168cp,0.5
8/7p/4p3/1p1n1kPP/p1p5/P4K2/5P2/2B5 w - - 0 43,-151cp,0.5
8/7p/4p1P1/1p1n1k1P/p1p5/P4K2/5P2/2B5 b - - 0 43,153cp,0.5
8/8/4p1p1/1p1n1k1P/p1p5/P4K2/5P2/2B5 w - - 0 44,-167cp,0.5
8/8/4p1pP/1p1n1k2/p1p5/P4K2/5P2/2B5 b - - 0 44,167cp,0.5
8/8/4pnpP/1p3k2/p1p5/P4K2/5P2/2B5 w - - 1 45,-163cp,0.5
8/8/4pnpP/1p3k2/p1p5/P4K2/1B3P2/8 b - - 2 45,172cp,0.5
8/8/5npP/1p2pk2/p1p5/P4K2/1B3P2/8 w - - 0 46,-178cp,0.5
8/8/5npP/1p2pk2/p1p5/P7/1B2KP2/8 b - - 1 46,173cp,0.5
8/8/5n1P/1p2pkp1/p1p5/P7/1B2KP2/8 w - - 0 47,-179cp,0.5
8/8/5n1P/1p2pkp1/p1p5/P4K2/1B3P2/8 b - - 1 47,173cp,0.5
8/8/5n1P/1p2pk2/p1p3p1/P4K2/1B3P2/8 w - - 0 48,-173cp,0.5
8/8/5n1P/1p2pk2/p1p3p1/P7/1B3PK1/8 b - - 1 48,176cp,0.5
8/8/5n1P/1p2p3/p1p2kp1/P7/1B3PK1/8 w - - 2 49,-173cp,0.5
8/8/5n1P/1p2p3/p1p2kp1/P1B5/5PK1/8 b - - 3 49,166cp,0.5
8/8/5n1P/1p2p3/p1p1k1p1/P1B5/5PK1/8 w - - 4 50,-164cp,0.5
8/8/5n1P/1p2p3/p1p1k1p1/P1B3K1/5P2/8 b - - 5 50,190cp,0.5
8/8/5n1P/1p2pk2/p1p3p1/P1B3K1/5P2/8 w - - 6 51,-179cp,0.5
8/8/5n1P/1p2pk2/p1p3p1/P1B5/5PK1/8 b - - 7 51,198cp,0.5
8/8/5nkP/1p2p3/p1p3p1/P1B5/5PK1/8 w - - 8 52,-206cp,0.5
8/8/5nkP/1p2B3/p1p3p1/P7/5PK1/8 b - - 0 52,233cp,0.5
8/8/6kP/1p1nB3/p1p3p1/P7/5PK1/8 w - - 1 53,-249cp,0.5
8/8/6kP/1p1nB3/p1p3p1/P5K1/5P2/8 b - - 2 53,250cp,0.5
8/8/6kP/1p1nB3/p5p1/P1p3K1/5P2/8 w - - 0 54,-245cp,0.5
8/8/6kP/1p1nB3/p5K1/P1p5/5P2/8 b - - 0 54,264cp,0.5
8/8/6kP/1p1nB3/p5K1/P7/2p2P2/8 w - - 0 55,-254cp,0.5
8/8/6kP/1p1n4/p5K1/P7/1Bp2P2/8 b - - 1 55,253cp,0.5
8/8/7k/1p1n4/p5K1/P7/1Bp2P2/8 w - - 0 56,-254cp,0.5
8/8/7k/1p1n1K2/p7/P7/1Bp2P2/8 b - - 1 56,232cp,0.5
8/8/7k/1p3K2/p7/P1n5/1Bp2P2/8 w - - 2 57,-234cp,0.5
8/8/7k/1p2K3/p7/P1n5/1Bp2P2/8 b - - 3 57,234cp,0.5
8/6k1/8/1p2K3/p7/P1n5/1Bp2P2/8 w - - 4 58,-180cp,0.5
8/6k1/8/1p6/p2K4/P1n5/1Bp2P2/8 b - - 5 58,186cp,0.5
8/6k1/8/1p6/p2K4/P1n5/1B3P2/2q5 w - - 0 59,-164cp,0.5
8/6k1/8/1p6/p2K4/P1n5/5P2/2B5 b - - 0 59,155cp,0.5
8/6k1/8/1p6/p2K4/P7/4nP2/2B5 w - - 1 60,-153cp,0.5
8/6k1/8/1pK5/p7/P7/4nP2/2B5 b - - 2 60,149cp,0.5
8/6k1/8/1pK5/p7/P7/5P2/2n5 w - - 0 61,-153cp,0.5
8/6k1/8/1K6/p7/P7/5P2/2n5 b - - 0 61,153cp,0.5
8/6k1/8/1K6/p7/P2n4/5P2/8 w - - 1 62,-141cp,0.5
8/6k1/8/8/K7/P2n4/5P2/8 b - - 0 62,136cp,0.5
8/6k1/8/8/K7/P7/5n2/8 w - - 0 63,-127cp,0.5
8/6k1/8/1K6/8/P7/5n2/8 b - - 1 63,128cp,0.5
8/6k1/8/1K6/4n3/P7/8/8 w - - 2 64,-114cp,0.5
8/6k1/8/1K6/P3n3/8/8/8 b - - 0 64,120cp,0.5
8/6k1/3n4/1K6/P7/8/8/8 w - - 1 65,-120cp,0.5
8/6k1/3n4/8/PK6/8/8/8 b - - 2 65,106cp,0.5
4n3/6k1/8/8/PK6/8/8/8 w - - 3 66,-86cp,0.5
4n3/6k1/8/P7/1K6/8/8/8 b - - 0 66,86cp,0.5
8/6k1/3n4/P7/1K6/8/8/8 w - - 1 67,-81cp,0.5
8/6k1/P2n4/8/1K6/8/8/8 b - - 0 67,56cp,0.5
2n5/6k1/P7/8/1K6/8/8/8 w - - 1 68,-39cp,0.5
2n5/6k1/P7/8/2K5/8/8/8 b - - 2 68,45cp,0.5
2n5/8/P4k2/8/2K5/8/8/8 w - - 3 69,-23cp,0.5
2n5/8/P4k2/3K4/8/8/8/8 b - - 4 69,18cp,0.5
2n5/8/P7/3K1k2/8/8/8/8 w - - 5 70,-17cp,0.5
2n5/8/P1K5/5k2/8/8/8/8 b - - 6 70,17cp,0.5
2n5/8/P1K1k3/8/8/8/8/8 w - - 7 71,0cp,0.5
2n5/2K5/P3k3/8/8/8/8/8 b - - 8 71,0cp,0.5
8/2K5/P2nk3/8/8/8/8/8 w - - 9 72,0cp,0.5
8/8/P1Knk3/8/8/8/8/8 b - - 10 72,0cp,0.5
2n5/8/P1K1k3/8/8/8/8/8 w - - 11 73,0cp,0.5
2n5/2K5/P3k3/8/8/8/8/8 b - - 12 73,0cp,0.5
8/2K5/P2nk3/8/8/8/8/8 w - - 13 74,0cp,0.5
rnb1kbnr/p1ppq1pp/1p3p2/4p3/6P1/2NP1P2/PPP1P2P/R1BQKBNR w KQkq - 1 5,27cp,0.5
rnb1kbnr/p1ppq1pp/1p3p2/4p3/4P1P1/2NP1P2/PPP4P/R1BQKBNR b KQkq - 0 5,-25cp,0.5
rn2kbnr/pbppq1pp/1p3p2/4p3/4P1P1/2NP1P2/PPP4P/R1BQKBNR w KQkq - 1 6,51cp,0.5
rn2kbnr/pbppq1pp/1p3p2/4p3/4P1P1/2NP1P2/PPP3BP/R1BQK1NR b KQkq - 2 6,-16cp,0.5
rn2kbnr/pbpp1qpp/1p3p2/4p3/4P1P1/2NP1P2/PPP3BP/R1BQK1NR w KQkq - 3 7,30cp,0.5
rn2kbnr/pbpp1qpp/1p3p2/4p3/4P1P1/2NP1P2/PPP1N1BP/R1BQK2R b KQkq - 4 7,-23cp,0.5
r3kbnr/pbpp1qpp/1pn2p2/4p3/4P1P1/2NP1P2/PPP1N1BP/R1BQK2R w KQkq - 5 8,26cp,0.5
r3kbnr/pbpp1qpp/1pn2p2/4p3/4P1P1/2NPBP2/PPP1N1BP/R2QK2R b KQkq - 6 8,-20cp,0.5
2kr1bnr/pbpp1qpp/1pn2p2/4p3/4P1P1/2NPBP2/PPP1N1BP/R2QK2R w KQ - 7 9,20cp,0.5
2kr1bnr/pbpp1qpp/1pn2p2/4p3/4P1P1/2NPBP2/PPP1N1BP/R2Q1RK1 b - - 8 9,-15cp,0.5
2kr1b1r/pbppnqpp/1pn2p2/4p3/4P1P1/2NPBP2/PPP1N1BP/R2Q1RK1 w - - 9 10,17cp,0.5
2kr1b1r/pbppnqpp/1pn2p2/4p3/3PP1P1/2N1BP2/PPP1N1BP/R2Q1RK1 b - - 0 10,-20cp,0.5
2kr1b1r/pbp1nqpp/1pn2p2/3pp3/3PP1P1/2N1BP2/PPP1N1BP/R2Q1RK1 w - - 0 11,9cp,0.5
2kr1b1r/pbp1nqpp/1pn2p2/3Np3/3PP1P1/4BP2/PPP1N1BP/R2Q1RK1 b - - 0 11,-9cp,0.5
2kr1b1r/pbp2qpp/1pn2p2/3np3/3PP1P1/4BP2/PPP1N1BP/R2Q1RK1 w - - 0 12,3cp,0.5
2kr1b1r/pbp2qpp/1pn2p2/3Pp3/3P2P1/4BP2/PPP1N1BP/R2Q1RK1 b - - 0 12,0cp,0.5
2kr1b1r/pbp2qpp/1p3p2/3Pp3/3n2P1/4BP2/PPP1N1BP/R2Q1RK1 w - - 0 13,-7cp,0.5
2kr1b1r/pbp2qpp/1p3p2/3Pp3/2Pn2P1/4BP2/PP2N1BP/R2Q1RK1 b - - 0 13,5cp,0.5
2kr1b1r/pbp2qpp/1p3p2/3Pp3/2P3P1/4BP2/PP2n1BP/R2Q1RK1 w - - 0 14,-5cp,0.5
2kr1b1r/pbp2qpp/1p3p2/3Pp3/2P3P1/4BP2/PP2Q1BP/R4RK1 b - - 0 14,2cp,0.5
1k1r1b1r/pbp2qpp/1p3p2/3Pp3/2P3P1/4BP2/PP2Q1BP/R4RK1 w - - 1 15,-3cp,0.5
1k1r1b1r/pbp2qpp/1p3p2/3Pp3/2P3P1/4BP2/PP2Q1BP/3R1RK1 b - - 2 15,16cp,0.5
1k1r3r/pbp2qpp/1p1b1p2/3Pp3/2P3P1/4BP2/PP2Q1BP/3R1RK1 w - - 3 16,-16cp,0.5
1k1r3r/pbp2qpp/1p1b1p2/3Pp3/2P3P1/4BP2/PPQ3BP/3R1RK1 b - - 4 16,11cp,0.5
1k1r3r/pbp3pp/1p1b1pq1/3Pp3/2P3P1/4BP2/PPQ3BP/3R1RK1 w - - 5 17,-11cp,0.5
1k1r3r/pbp3pp/1p1b1pq1/3PpQ2/2P3P1/4BP2/PP4BP/3R1RK1 b - - 6 17,14cp,0.5
1k1rr3/pbp3pp/1p1b1pq1/3PpQ2/2P3P1/4BP2/PP4BP/3R1RK1 w - - 7 18,-14cp,0.5
1k1rr3/pbp3pp/1p1b1pq1/3PpQ2/2P3P1/4BP2/PP4BP/3RR1K1 b - - 8 18,14cp,0.5
1k1rr3/pb4pp/1ppb1pq1/3PpQ2/2P3P1/4BP2/PP4BP/3RR1K1 w - - 0 19,-14cp,0.5
1k1rr3/pb4pp/1ppb1pq1/3PpQ2/2P3P1/P3BP2/1P4BP/3RR1K1 b - - 0 19,15cp,0.5
1k1rr3/pbb3pp/1pp2pq1/3PpQ2/2P3P1/P3BP2/1P4BP/3RR1K1 w - - 1 20,-11cp,0.5
1k1rr3/pbb3pp/1pP2pq1/4pQ2/2P3P1/P3BP2/1P4BP/3RR1K1 b - - 0 20,13cp,0.5
1k1rr3/p1b3pp/1pb2pq1/4pQ2/2P3P1/P3BP2/1P4BP/3RR1K1 w - - 0 21,-17cp,0.5
1k1rr3/p1b3pp/1pb2pq1/2P1pQ2/6P1/P3BP2/1P4BP/3RR1K1 b - - 0 21,17cp,0.5
1k1rr3/p1b3pp/1p3pq1/2PbpQ2/6P1/P3BP2/1P4BP/3RR1K1 w - - 1 22,-15cp,0.5
1k1rr3/p1b3pp/1p3pq1/2PbpQ2/6P1/P3BP1P/1P4B1/3RR1K1 b - - 0 22,20cp,0.5
1k1rr3/p1b3pp/5pq1/2pbpQ2/6P1/P3BP1P/1P4B1/3RR1K1 w - - 0 23,-20cp,0.5
1k1rr3/p1b3pp/5pq1/2BbpQ2/6P1/P4P1P/1P4B1/3RR1K1 b - - 0 23,18cp,0.5
1k1rr3/p1b3pp/5p2/2Bbpq2/6P1/P4P1P/1P4B1/3RR1K1 w - - 0 24,-26cp,0.5
1k1rr3/p1b3pp/5p2/2BbpP2/8/P4P1P/1P4B1/3RR1K1 b - - 0 24,15cp,0.5
1k1rr3/p5pp/1b3p2/2BbpP2/8/P4P1P/1P4B1/3RR1K1 w - - 1 25,-15cp,0.5
1k1rr3/p5pp/1b3p2/2BbpP2/8/P4P1P/1P4B1/2R1R1K1 b - - 2 25,16cp,0.5
1k1rr3/p6p/1b3pp1/2BbpP2/8/P4P1P/1P4B1/2R1R1K1 w - - 0 26,-17cp,0.5
1k1rr3/p6p/1b3pP1/2Bbp3/8/P4P1P/1P4B1/2R1R1K1 b - - 0 26,15cp,0.5
1k1rr3/p7/1b3pp1/2Bbp3/8/P4P1P/1P4B1/2R1R1K1 w - - 0 27,-17cp,0.5
1k1rr3/p7/1b3pp1/2Bbp3/8/P4P1P/1P4B1/2RR2K1 b - - 1 27,19cp,0.5
3rr3/pk6/1b3pp1/2Bbp3/8/P4P1P/1P4B1/2RR2K1 w - - 2 28,-19cp,0.5
3rr3/pk6/1b3pp1/2Bbp3/P7/5P1P/1P4B1/2RR2K1 b - - 0 28,22cp,0.5
3rr3/1k6/1b3pp1/p1Bbp3/P7/5P1P/1P4B1/2RR2K1 w - - 0 29,-21cp,0.5
3rr3/1k6/1b3pp1/p1Bbp3/P7/5P1P/1P1R2B1/2R3K1 b - - 1 29,26cp,0.5
3rr3/1k6/1b4p1/p1Bbpp2/P7/5P1P/1P1R2B1/2R3K1 w - - 0 30,-14cp,0.5
3rr3/1k6/1B4p1/p2bpp2/P7/5P1P/1P1R2B1/2R3K1 b - - 0 30,24cp,0.5
3rr3/8/1k4p1/p2bpp2/P7/5P1P/1P1R2B1/2R3K1 w - - 0 31,-28cp,0.5
3rr3/8/1k4p1/p2bpp2/P7/5P1P/1PR3B1/2R3K1 b - - 1 31,45cp,0.5
3rr3/8/1k4p1/p2b1p2/P3p3/5P1P/1PR3B1/2R3K1 w - - 0 32,-28cp,0.5
3rr3/8/1k4p1/p2b1p2/P3P3/7P/1PR3B1/2R3K1 b - - 0 32,26cp,0.5
3rr3/8/1k4p1/p2b4/P3p3/7P/1PR3B1/2R3K1 w - - 0 33,-36cp,0.5
3rr3/8/1k4p1/p1Rb4/P3p3/7P/1P4B1/2R3K1 b - - 1 33,24cp,0.5
3r1r2/8/1k4p1/p1Rb4/P3p3/7P/1P4B1/2R3K1 w - - 2 34,66cp,0.5
3r1r2/8/1k4p1/pR1b4/P3p3/7P/1P4B1/2R3K1 b - - 3 34,-85cp,0.5
3r1r2/8/k5p1/pR1b4/P3p3/7P/1P4B1/2R3K1 w - - 4 35,87cp,0.5
3r1r2/8/k5p1/pRRb4/P3p3/7P/1P4B1/6K1 b - - 5 35,-84cp,0.5
3r4/8/k5p1/pRRb1r2/P3p3/7P/1P4B1/6K1 w - - 6 36,91cp,0.5
3r4/8/k5p1/R1Rb1r2/P3p3/7P/1P4B1/6K1 b - - 0 36,-91cp,0.5
3r4/8/1k4p1/R1Rb1r2/P3p3/7P/1P4B1/6K1 w - - 1 37,87cp,0.5
3r4/8/1k4p1/1RRb1r2/P3p3/7P/1P4B1/6K1 b - - 2 37,-91cp,0.5
3r4/8/k5p1/1RRb1r2/P3p3/7P/1P4B1/6K1 w - - 3 38,85cp,0.5
3r4/8/k5p1/PRRb1r2/4p3/7P/1P4B1/6K1 b - - 0 38,-107cp,0.5
8/8/k2r2p1/PRRb1r2/4p3/7P/1P4B1/6K1 w - - 1 39,98cp,0.5
8/8/k2r2p1/P1Rb1r2/1R2p3/7P/1P4B1/6K1 b - - 2 39,-96cp,0.5
8/8/k4rp1/P1Rb1r2/1R2p3/7P/1P4B1/6K1 w - - 3 40,103cp,0.5
8/8/k4rp1/P1Rb1r2/1R2p3/7P/1P4BK/8 b - - 4 40,-67cp,0.5
8/5b2/k4rp1/P1R2r2/1R2p3/7P/1P4BK/8 w - - 5 41,62cp,0.5
2R5/5b2/k4rp1/P4r2/1R2p3/7P/1P4BK/8 b - - 6 41,-72cp,0.5
2R5/5b2/5rp1/k4r2/1R2p3/7P/1P4BK/8 w - - 0 42,72cp,0.5
2R5/5b2/5rp1/k4r2/4R3/7P/1P4BK/8 b - - 0 42,-76cp,0.5
2R5/5b2/5rp1/k7/4R3/7P/1P3rBK/8 w - - 1 43,77cp,0.5
R7/5b2/5rp1/k7/4R3/7P/1P3rBK/8 b - - 2 43,-66cp,0.5
R7/5b2/1k3rp1/8/4R3/7P/1P3rBK/8 w - - 3 44,67cp,0.5
5R2/5b2/1k3rp1/8/4R3/7P/1P3rBK/8 b - - 4 44,-67cp,0.5
5R2/5b2/5rp1/k7/4R3/7P/1P3rBK/8 w - - 5 45,70cp,0.5
R7/5b2/5rp1/k7/4R3/7P/1P3rBK/8 b - - 6 45,-73cp,0.5
R7/5b2/1k3rp1/8/4R3/7P/1P3rBK/8 w - - 7 46,74cp,0.5
5R2/5b2/1k3rp1/8/4R3/7P/1P3rBK/8 b - - 8 46,-74cp,0.5
5R2/5b2/5rp1/k7/4R3/7P/1P3rBK/8 w - - 9 47,74cp,0.5
5R2/5b2/5rp1/k3R3/8/7P/1P3rBK/8 b - - 10 47,-67cp,0.5
5R2/5b2/5rp1/4R3/k7/7P/1P3rBK/8 w - - 11 48,75cp,0.5
5R2/5b2/5rp1/4R3/k7/6KP/1P3rB1/8 b - - 12 48,-75cp,0.5
5R2/5b2/5rp1/4R3/8/1k4KP/1P3rB1/8 w - - 13 49,94cp,0.5
1R6/5b2/5rp1/4R3/8/1k4KP/1P3rB1/8 b - - 14 49,-91cp,0.5
1R6/5b2/5rp1/4R3/2k5/6KP/1P3rB1/8 w - - 15 50,91cp,0.5
1R6/4Rb2/5rp1/8/2k5/6KP/1P3rB1/8 b - - 16 50,-94cp,0.5
1R6/4R3/4brp1/8/2k5/6KP/1P3rB1/8 w - - 17 51,90cp,0.5
4R3/4R3/4brp1/8/2k5/6KP/1P3rB1/8 b - - 18 51,-107cp,0.5
4R3/4Rb2/5rp1/8/2k5/6KP/1P3rB1/8 w - - 19 52,96cp,0.5
4R3/2R2b2/5rp1/8/2k5/6KP/1P3rB1/8 b - - 20 52,-107cp,0.5
4R3/2R2b2/5rp1/8/8/1k4KP/1P3rB1/8 w - - 21 53,111cp,0.5
1R6/2R2b2/5rp1/8/8/1k4KP/1P3rB1/8 b - - 22 53,-117cp,0.5
1R6/2R2b2/5rp1/8/8/6KP/kP3rB1/8 w - - 23 54,112cp,0.5
1R6/R4b2/5rp1/8/8/6KP/kP3rB1/8 b - - 24 54,-115cp,0.5
1R6/R4b2/5rp1/8/8/6KP/1P3rB1/1k6 w - - 25 55,121cp,0.5
1R6/R4b2/5rp1/8/4B3/6KP/1P3r2/1k6 b - - 26 55,-121cp,0.5
1R6/R4b2/5rp1/8/4B3/6KP/1P3r2/2k5 w - - 27 56,112cp,0.5
1R6/2R2b2/5rp1/8/4B3/6KP/1P3r2/2k5 b - - 28 56,-110cp,0.5
1R6/2R2b2/5rp1/8/4B3/6KP/1P1k1r2/8 w - - 29 57,99cp,0.5
1R6/4Rb2/5rp1/8/4B3/6KP/1P1k1r2/8 b - - 30 57,-117cp,0.5
1R6/4Rb2/5rp1/8/4B3/6KP/1P1kr3/8 w - - 31 58,104cp,0.5
3R4/4Rb2/5rp1/8/4B3/6KP/1P1kr3/8 b - - 32 58,-96cp,0.5
3R4/4Rb2/5rp1/8/4B3/6KP/1P2r3/2k5 w - - 33 59,95cp,0.5
3R4/4Rb2/5rp1/8/1P2B3/6KP/4r3/2k5 b - - 0 59,-95cp,0.5
3R4/4Rb2/5rp1/8/1P2B3/6KP/1k2r3/8 w - - 1 60,91cp,0.5
5R2/4Rb2/5rp1/8/1P2B3/6KP/1k2r3/8 b - - 2 60,-86cp,0.5
5R2/4Rb2/5rp1/8/1P2B3/4r1KP/1k6/8 w - - 3 61,76cp,0.5
5R2/4Rb2/5rp1/8/1P2B3/4r2P/1k4K1/8 b - - 4 61,-77cp,0.5
5R2/4Rb2/5rp1/8/1P2B3/7P/1k2r1K1/8 w - - 5 62,87cp,0.5
5R2/4Rb2/5rp1/8/1P2B3/6KP/1k2r3/8 b - - 6 62,-87cp,0.5
5R2/4Rb2/5rp1/8/1P2B3/4r1KP/1k6/8 w - - 7 63,80cp,0.5
5R2/4Rb2/5rp1/8/1P2B3/4r2P/1k4K1/8 b - - 8 63,-80cp,0.5
5R2/4Rb2/5rp1/8/1P2B3/7P/1k2r1K1/8 w - - 9 64,78cp,0.5
5R2/4Rb2/5rp1/8/1P2B3/7P/1k2r3/6K1 b - - 10 64,-79cp,0.5
5R2/4Rb2/4r1p1/8/1P2B3/7P/1k2r3/6K1 w - - 11 65,84cp,0.5
8/4RR2/4r1p1/8/1P2B3/7P/1k2r3/6K1 b - - 0 65,-69cp,0.5
8/4RR2/4r1p1/8/1P2r3/7P/1k6/6K1 w - - 0 66,66cp,0.5
8/5R2/4R1p1/8/1P2r3/7P/1k6/6K1 b - - 0 66,-66cp,0.5
8/5R2/4r1p1/8/1P6/7P/1k6/6K1 w - - 0 67,58cp,0.5
8/5R2/4r1p1/8/1P6/7P/1k3K2/8 b - - 1 67,-52cp,0.5
8/5R2/1r4p1/8/1P6/7P/1k3K2/8 w - - 2 68,59cp,0.5
8/8/1r4p1/8/1P3R2/7P/1k3K2/8 b - - 3 68,-65cp,0.5
8/8/1r4p1/8/1P3R2/2k4P/5K2/8 w - - 4 69,67cp,0.5
8/8/1r4p1/8/1P4R1/2k4P/5K2/8 b - - 5 69,-66cp,0.5
8/8/6p1/8/1r4R1/2k4P/5K2/8 w - - 0 70,72cp,0.5
8/8/6R1/8/1r6/2k4P/5K2/8 b - - 0 70,-72cp,0.5
8/8/6R1/8/8/2k4P/5K2/1r6 w - - 1 71,77cp,0.5
8/8/4R3/8/8/2k4P/5K2/1r6 b - - 2 71,-77cp,0.5
8/8/4R3/8/3k4/7P/5K2/1r6 w - - 3 72,85cp,0.5
4R3/8/8/8/3k4/7P/5K2/1r6 b - - 4 72,-86cp,0.5
4R3/8/8/8/3k4/7P/1r3K2/8 w - - 5 73,82cp,0.5
4R3/8/8/8/3k4/5K1P/1r6/8 b - - 6 73,-91cp,0.5
4R3/8/8/8/3k4/1r3K1P/8/8 w - - 7 74,97cp,0.5
4R3/8/8/8/3k2K1/1r5P/8/8 b - - 8 74,-104cp,0.5
4R3/8/8/1r6/3k2K1/7P/8/8 w - - 9 75,105cp,0.5
4R3/8/8/1r6/3k2KP/8/8/8 b - - 0 75,-107cp,0.5
4R3/8/8/4r3/3k2KP/8/8/8 w - - 1 76,116cp,0.5
2R5/8/8/4r3/3k2KP/8/8/8 b - - 2 76,-117cp,0.5
2R5/8/8/8/3k2KP/4r3/8/8 w - - 3 77,124cp,0.5
2R5/8/8/5K2/3k3P/4r3/8/8 b - - 4 77,-111cp,0.5
2R5/8/8/5K2/3k3P/7r/8/8 w - - 5 78,117cp,0.5
3R4/8/8/5K2/3k3P/7r/8/8 b - - 6 78,-117cp,0.5
3R4/8/8/5K2/7P/2k4r/8/8 w - - 7 79,124cp,0.5
3R4/8/8/6K1/7P/2k4r/8/8 b - - 8 79,-121cp,0.5
3R4/8/8/6K1/7P/2k3r1/8/8 w - - 9 80,121cp,0.5
3R4/8/5K2/8/7P/2k3r1/8/8 b - - 10 80,-118cp,0.5
3R4/8/5K2/8/7P/2k4r/8/8 w - - 11 81,116cp,0.5
2R5/8/5K2/8/7P/2k4r/8/8 b - - 12 81,-115cp,0.5
2R5/8/5K2/8/3k3P/7r/8/8 w - - 13 82,116cp,0.5
3R4/8/5K2/8/3k3P/7r/8/8 b - - 14 82,-101cp,0.5
3R4/8/5K2/8/4k2P/7r/8/8 w - - 15 83,86cp,0.5
3R4/8/8/6K1/4k2P/7r/8/8 b - - 16 83,-105cp,0.5
3R4/8/8/6K1/4k2P/6r1/8/8 w - - 17 84,109cp,0.5
3R4/8/7K/8/4k2P/6r1/8/8 b - - 18 84,-95cp,0.5
3R4/8/7K/8/4k1rP/8/8/8 w - - 19 85,134cp,0.5
3R4/8/7K/7P/4k1r1/8/8/8 b - - 0 85,-137cp,0.5
3R4/8/7K/7P/6r1/4k3/8/8 w - - 1 86,146cp,0.5
3R4/7K/8/7P/6r1/4k3/8/8 b - - 2 86,-145cp,0.5
3R4/7K/8/7P/5kr1/8/8/8 w - - 3 87,148cp,0.5
5R2/7K/8/7P/5kr1/8/8/8 b - - 4 87,-152cp,0.5
5R2/7K/8/7P/6r1/6k1/8/8 w - - 5 88,159cp,0.5
5R2/7K/7P/8/6r1/6k1/8/8 b - - 0 88,-175cp,0.5
5R2/7K/7P/8/3r4/6k1/8/8 w - - 1 89,208cp,0.5
5RK1/8/7P/8/3r4/6k1/8/8 b - - 2 89,-217cp,0.5
5RK1/8/7P/8/6r1/6k1/8/8 w - - 3 90,217cp,0.5
5R1K/8/7P/8/6r1/6k1/8/8 b - - 4 90,-222cp,0.5
5R1K/8/7P/8/r7/6k1/8/8 w - - 5 91,249cp,0.5
5R1K/7P/8/8/r7/6k1/8/8 b - - 0 91,-255cp,0.5
5R1K/7P/8/8/1r6/6k1/8/8 w - - 1 92,257cp,0.5
5R2/6KP/8/8/1r6/6k1/8/8 b - - 2 92,-507cp,0.5
5R2/6KP/8/8/6r1/6k1/8/8 w - - 3 93,510cp,0.5
5R2/5K1P/8/8/6r1/6k1/8/8 b - - 4 93,-518cp,0.5
5R2/5K1P/8/8/5r2/6k1/8/8 w - - 5 94,518cp,0.5
5R2/4K2P/8/8/5r2/6k1/8/8 b - - 6 94,-521cp,0.5
5R2/4K2P/8/8/4r3/6k1/8/8 w - - 7 95,536cp,0.5
5R2/7P/3K4/8/4r3/6k1/8/8 b - - 8 95,-548cp,0.5
5R2/7P/3K4/8/7r/6k1/8/8 w - - 9 96,547cp,0.5
5R1Q/8/3K4/8/7r/6k1/8/8 b - - 0 96,-548cp,0.5
5R1r/8/3K4/8/8/6k1/8/8 w - - 0 97,547cp,0.5
7R/8/3K4/8/8/6k1/8/8 b - - 0 97,-548cp,0.5
7R/8/3K4/8/8/5k2/8/8 w - - 1 98,548cp,0.5
7R/8/8/4K3/8/5k2/8/8 b - - 2 98,-548cp,0.5
7R/8/8/4K3/8/6k1/8/8 w - - 3 99,554cp,0.5
2R5/8/8/4K3/8/6k1/8/8 b - - 4 99,-554cp,0.5
2R5/8/8/4K3/8/5k2/8/8 w - - 5 100,554cp,0.5
2R5/8/8/5K2/8/5k2/8/8 b - - 6 100,-553cp,0.5
2R5/8/8/5K2/8/4k3/8/8 w - - 7 101,561cp,0.5
1R6/8/8/5K2/8/4k3/8/8 b - - 8 101,-562cp,0.5
1R6/8/8/5K2/8/5k2/8/8 w - - 9 102,560cp,0.5
8/8/8/5K2/8/1R3k2/8/8 b - - 10 102,-563cp,0.5
8/8/8/5K2/8/1R6/5k2/8 w - - 11 103,565cp,0.5
8/8/6K1/8/8/1R6/5k2/8 b - - 12 103,-565cp,0.5
8/8/6K1/8/8/1R6/6k1/8 w - - 13 104,565cp,0.5
8/8/6K1/8/8/3R4/6k1/8 b - - 14 104,-565cp,0.5
8/8/6K1/8/8/3R4/5k2/8 w - - 15 105,565cp,0.5
8/8/6K1/8/8/R7/5k2/8 b - - 16 105,-568cp,0.5
8/8/6K1/8/8/R7/8/5k2 w - - 17 106,568cp,0.5
8/8/6K1/8/8/4R3/8/5k2 b - - 18 106,-568cp,0.5
8/8/6K1/8/8/4R3/6k1/8 w - - 19 107,568cp,0.5
8/8/6K1/8/8/2R5/6k1/8 b - - 20 107,-568cp,0.5
8/8/6K1/8/8/2R5/7k/8 w - - 21 108,569cp,0.5
8/8/6K1/8/8/4R3/7k/8 b - - 22 108,-567cp,0.5
8/8/6K1/8/8/4R3/6k1/8 w - - 23 109,565cp,0.5
8/8/6K1/8/8/2R5/6k1/8 b - - 24 109,-567cp,0.5
8/8/6K1/8/8/2R5/7k/8 w - - 25 110,567cp,0.5
8/8/6K1/8/8/3R4/7k/8 b - - 26 110,-562cp,0.5
8/8/6K1/8/8/3R4/6k1/8 w - - 27 111,566cp,0.5
8/8/6K1/8/8/1R6/6k1/8 b - - 28 111,-562cp,0.5
8/8/6K1/8/8/1R6/5k2/8 w - - 29 112,566cp,0.5
8/8/6K1/8/8/R7/5k2/8 b - - 30 112,-561cp,0.5
8/8/6K1/8/8/R7/6k1/8 w - - 31 113,566cp,0.5
8/8/6K1/8/8/4R3/6k1/8 b - - 32 113,-566cp,0.5
8/8/6K1/8/8/4R3/8/5k2 w - - 33 114,562cp,0.5
8/8/6K1/8/8/5R2/8/5k2 b - - 34 114,-561cp,0.5
8/8/6K1/8/8/5R2/4k3/8 w - - 35 115,562cp,0.5
5R2/8/6K1/8/8/8/4k3/8 b - - 36 115,-561cp,0.5
5R2/8/6K1/8/8/4k3/8/8 w - - 37 116,561cp,0.5
5R2/8/8/7K/8/4k3/8/8 b - - 38 116,-561cp,0.5
5R2/8/8/7K/4k3/8/8/8 w - - 39 117,565cp,0.5
5R2/8/6K1/8/4k3/8/8/8 b - - 40 117,-565cp,0.5
5R2/8/6K1/4k3/8/8/8/8 w - - 41 118,565cp,0.5
8/8/5RK1/4k3/8/8/8/8 b - - 42 118,-561cp,0.5
8/8/5RK1/8/4k3/8/8/8 w - - 43 119,564cp,0.5
8/5R2/6K1/8/4k3/8/8/8 b - - 44 119,-562cp,0.5
8/5R2/6K1/8/8/4k3/8/8 w - - 45 120,562cp,0.5
8/8/5RK1/8/8/4k3/8/8 b - - 46 120,-561cp,0.5
8/8/5RK1/8/4k3/8/8/8 w - - 47 121,562cp,0.5
8/5R2/6K1/8/4k3/8/8/8 b - - 48 121,-561cp,0.5
8/5R2/6K1/8/8/4k3/8/8 w - - 49 122,562cp,0.5
5R2/8/6K1/8/8/4k3/8/8 b - - 50 122,-561cp,0.5
5R2/8/6K1/8/4k3/8/8/8 w - - 51 123,562cp,0.5
8/8/6K1/8/4k3/8/8/5R2 b - - 52 123,-564cp,0.5
8/8/6K1/8/8/4k3/8/5R2 w - - 53 124,562cp,0.5
5R2/8/6K1/8/8/4k3/8/8 b - - 54 124,-564cp,0.5
5R2/8/6K1/8/4k3/8/8/8 w - - 55 125,562cp,0.5
8/8/6K1/8/4k3/8/8/5R2 b - - 56 125,-562cp,0.5
8/8/6K1/8/8/4k3/8/5R2 w - - 57 126,562cp,0.5
8/8/6K1/5R2/8/4k3/8/8 b - - 58 126,-562cp,0.5
8/8/6K1/5R2/3k4/8/8/8 w - - 59 127,562cp,0.5
8/8/6K1/8/3k4/8/5R2/8 b - - 60 127,-562cp,0.5
8/8/6K1/8/8/3k4/5R2/8 w - - 61 128,562cp,0.5
8/8/6K1/8/8/3k1R2/8/8 b - - 62 128,-562cp,0.5
8/8/6K1/8/4k3/5R2/8/8 w - - 63 129,563cp,0.5
8/8/6K1/8/4k3/8/5R2/8 b - - 64 129,-562cp,0.5
8/8/6K1/8/8/4k3/5R2/8 w - - 65 130,563cp,0.5
8/8/6K1/8/8/4k3/R7/8 b - - 66 130,-561cp,0.5
8/8/6K1/8/8/5k2/R7/8 w - - 67 131,561cp,0.5
8/8/6K1/8/8/R4k2/8/8 b - - 68 131,-561cp,0.5
8/8/6K1/8/4k3/R7/8/8 w - - 69 132,564cp,0.5
8/8/6K1/8/4k3/1R6/8/8 b - - 70 132,-564cp,0.5
8/8/6K1/8/5k2/1R6/8/8 w - - 71 133,564cp,0.5
8/8/6K1/8/5k2/R7/8/8 b - - 72 133,-561cp,0.5
8/8/6K1/8/4k3/R7/8/8 w - - 73 134,561cp,0.5
8/8/6K1/8/4k3/1R6/8/8 b - - 74 134,-561cp,0.5
8/8/6K1/8/5k2/1R6/8/8 w - - 75 135,562cp,0.5
8/8/6K1/8/5k2/7R/8/8 b - - 76 135,-562cp,0.5
8/8/6K1/8/4k3/7R/8/8 w - - 77 136,563cp,0.5
8/8/6K1/8/4k3/2R5/8/8 b - - 78 136,-562cp,0.5
8/8/6K1/8/3k4/2R5/8/8 w - - 79 137,562cp,0.5
8/8/6K1/8/3k4/8/8/2R5 b - - 80 137,-561cp,0.5
8/8/6K1/8/8/4k3/8/2R5 w - - 81 138,555cp,0.5
8/8/6K1/8/8/2R1k3/8/8 b - - 82 138,-562cp,0.5
8/8/6K1/8/3k4/2R5/8/8 w - - 83 139,564cp,0.5
8/8/6K1/8/3k4/1R6/8/8 b - - 84 139,-564cp,0.5
8/8/6K1/8/4k3/1R6/8/8 w - - 85 140,564cp,0.5
8/8/5K2/8/4k3/1R6/8/8 b - - 86 140,-561cp,0.5
8/8/5K2/8/3k4/1R6/8/8 w - - 87 141,562cp,0.5
1R6/8/5K2/8/3k4/8/8/8 b - - 88 141,-561cp,0.5
1R6/8/5K2/8/8/4k3/8/8 w - - 89 142,562cp,0.5
8/8/5K2/8/8/1R2k3/8/8 b - - 90 142,-562cp,0.5
8/8/5K2/8/4k3/1R6/8/8 w - - 91 143,562cp,0.5
8/8/5K2/8/4k3/6R1/8/8 b - - 92 143,-562cp,0.5
8/8/5K2/8/3k4/6R1/8/8 w - - 93 144,562cp,0.5
8/8/5K2/8/3k4/5R2/8/8 b - - 94 144,0cp,0.5
8/8/5K2/3k4/8/5R2/8/8 w - - 95 145,0cp,0.5
8/8/5K2/3k4/8/4R3/8/8 b - - 96 145,0cp,0.5
8/8/5K2/8/3k4/4R3/8/8 w - - 97 146,0cp,0.5
8/8/5K2/8/3k4/8/4R3/8 b - - 98 146,0cp,0.5
